create table post(
	post_name char(40) PRIMARY KEY,
	short_name char(10),
	code char(10) NOT NULL,
	up_level smallint,
	low_level smallint
    );

create table employee(
	id SERIAL PRIMARY KEY,
	fio text NOT NULL,
	post_name char(40),
	department int,
	age smallint,
	gender char(3),
	status text
    );

create table employee_hist (
	rec_id SERIAL PRIMARY KEY,
	emp_id int NOT NULL,
	wplace int,
	post_name char(40),
	level int,
	sdate date,
	edate date
	);

create table department (
	dep_id SERIAL PRIMARY KEY,
	schedule_id int
	);

create table schedule (
	schedule_id int,
	post_name char(40),
	amount int
	);

INSERT INTO post VALUES
('Руководитель', 'MGR', '001', '18', '10'),
('Программист', 'PRM', '002', '15', '5'),
('Художник', 'ART', '003', '18', '1'),
('Геймдизайнер', 'GDS', '004', '18', '10');

INSERT INTO employee (fio, post_name, department, age, gender, status) VALUES
('Иванов И.И.', 'Руководитель', '1', '56', 'муж', 'Холост'),
('Петрова П.П.', 'Руководитель', '2', '57', 'жен', 'Замужем'),
('Маер М.', 'Руководитель', '3', '57', 'жен', 'Замужем'),
('Сидоров С.С.', 'Художник', '2', '85', 'муж', 'Холост'),
('Дали С.', 'Художник', '3', '111', 'муж', 'Холост'),
('Галлахер Э.', 'Художник', '3', '50', 'жен', 'Замужем'),
('Линус Торвальдс', 'Программист', '1', '45', 'муж', 'Женат'),
('Дэйт К.', 'Программист', '1', '76', 'муж', 'Женат'),
('Кармак Дж.', 'Геймдизайнер', '3', '45', 'муж', 'Женат'),
('МакГи А.', 'Геймдизайнер', '3', '42', 'муж', 'Холост');

INSERT INTO employee_hist (emp_id, wplace, post_name, level, sdate, edate) VALUES
('1', '1', 'Руководитель','10', '2014-09-11', '2014-10-11'),
('2', '2', 'Руководитель', '11', '2015-09-11', '2015-10-11'),
('3', '3', 'Руководитель', '12', '2014-08-11', '2014-10-11'),
('4', '1', 'Художник', '13', '2013-09-11', '2014-11-12'),
('5', '2', 'Художник', '14', '2011-09-11', '2014-10-13'),
('6', '3', 'Художник', '15', '2014-10-11', '2014-10-13'),
('7', '1', 'Программист', '16', '2015-09-11', '2015-10-15'),
('8', '2', 'Программист', '17', '2015-11-11', '2015-11-12'),
('9', '2', 'Геймдизайнер', '17', '2015-11-11', '2015-11-12'),
('10', '3', 'Геймдизайнер', '18', '2015-08-07', '2015-10-17');

INSERT INTO department VALUES
('1', '3'),
('2', '2'),
('3', '1');

INSERT INTO schedule VALUES
('1', 'Руководитель', '1'),
('1', 'Художник', '2'),
('1', 'Геймдизайнер', '2'),
('2', 'Руководитель', '1'),
('2', 'Художник', '1'),
('3', 'Руководитель', '1'),
('3', 'Программист', '2');



